Ref,Val,Package,PosX,PosY,Rot,Side
"BZ1","PKMCS0909E4000-R1","Buzzer_Murata_PKMCS0909E",105.700000,-142.000000,180.000000,bottom
"C2","100n/50V","C_0603_1608Metric",125.000000,-150.000000,180.000000,bottom
"C3","10u/10V","C_0603_1608Metric",113.000000,-145.000000,180.000000,bottom
"C4","10u/10V","C_0603_1608Metric",129.000000,-145.000000,180.000000,bottom
"C5","10u/10V","C_0603_1608Metric",106.000000,-65.000000,180.000000,bottom
"C6","100n/50V","C_0603_1608Metric",107.000000,-61.000000,180.000000,bottom
"C7","1u/10V","C_0603_1608Metric",106.500000,-70.000000,180.000000,bottom
"C8","100n/50V","C_0603_1608Metric",126.500000,-132.500000,180.000000,bottom
"C9","10u/10V","C_0603_1608Metric",130.000000,-135.000000,180.000000,bottom
"C10","10u/10V","C_0603_1608Metric",130.000000,-133.000000,180.000000,bottom
"C11","100n/50V","C_0603_1608Metric",130.000000,-137.000000,180.000000,bottom
"C12","100n/50V","C_0603_1608Metric",129.000000,-152.500000,180.000000,bottom
"C13","100n/50V","C_0603_1608Metric",126.500000,-130.500000,180.000000,bottom
"D3","SM712-02HTG","SOT-23",120.000000,-159.000000,180.000000,bottom
"F1","0.75A PTC","Fuse_1812_4532Metric",106.000000,-151.500000,180.000000,bottom
"Q1","MMBT3904LT1G","SOT-23",111.500000,-152.000000,180.000000,bottom
"Q2","MMBT3904LT1G","SOT-23",114.500000,-158.500000,180.000000,bottom
"Q3","MMBT3904LT1G","SOT-23",103.000000,-62.000000,180.000000,bottom
"Q4","MMBT3904LT1G","SOT-23",130.000000,-62.000000,180.000000,bottom
"Q5","MMBT3904LT1G","SOT-23",133.000000,-66.000000,180.000000,bottom
"Q6","MMBT3904LT1G","SOT-23",105.000000,-133.000000,180.000000,bottom
"R1","10k","R_0603_1608Metric",106.000000,-67.000000,180.000000,bottom
"R2","10k","R_0603_1608Metric",130.000000,-73.000000,180.000000,bottom
"R3","10k","R_0603_1608Metric",130.000000,-130.500000,180.000000,bottom
"R4","10k","R_0603_1608Metric",127.500000,-75.500000,180.000000,bottom
"R5","10k","R_0603_1608Metric",131.000000,-75.500000,180.000000,bottom
"R6","100k","R_0603_1608Metric",131.000000,-150.500000,180.000000,bottom
"R7","120","R_1206_3216Metric",132.500000,-159.500000,180.000000,bottom
"R8","2.2k","R_0603_1608Metric",103.000000,-148.500000,180.000000,bottom
"R9","100k","R_0603_1608Metric",103.000000,-154.500000,180.000000,bottom
"R10","47","R_0603_1608Metric",110.500000,-159.000000,180.000000,bottom
"R11","2.2k","R_0603_1608Metric",103.000000,-156.500000,180.000000,bottom
"R12","100k","R_0603_1608Metric",103.500000,-159.000000,180.000000,bottom
"R13","47","R_0603_1608Metric",107.000000,-159.000000,180.000000,bottom
"R14","2.2k","R_0603_1608Metric",102.500000,-65.000000,180.000000,bottom
"R15","100k","R_0603_1608Metric",102.500000,-68.000000,180.000000,bottom
"R16","330","R_0603_1608Metric",103.000000,-71.000000,180.000000,bottom
"R17","2.2k","R_0603_1608Metric",129.000000,-65.000000,180.000000,bottom
"R18","100k","R_0603_1608Metric",129.000000,-68.000000,180.000000,bottom
"R19","220","R_0603_1608Metric",130.000000,-71.000000,180.000000,bottom
"R20","2.2k","R_0603_1608Metric",133.000000,-69.000000,180.000000,bottom
"R21","100k","R_0603_1608Metric",133.500000,-73.000000,180.000000,bottom
"R22","220","R_0603_1608Metric",133.500000,-71.000000,180.000000,bottom
"R23","2.2k","R_0603_1608Metric",104.000000,-136.000000,180.000000,bottom
"R24","2.2k","R_0603_1608Metric",107.500000,-136.000000,180.000000,bottom
"R25","1k","R_0603_1608Metric",109.000000,-134.000000,180.000000,bottom
"R26","10k","R_0603_1608Metric",125.000000,-80.500000,180.000000,bottom
"R27","100k","R_0603_1608Metric",109.000000,-130.500000,180.000000,bottom
"U5","THVD2410DR","SOIC-8_3.9x4.9mm_P1.27mm",126.000000,-160.000000,180.000000,bottom
"C1","10u/50V","C_1210_3225Metric",126.500000,-161.500000,0.000000,top
"D1","B340A-13-F","D_SMA",116.500000,-161.500000,0.000000,top
"D2","SMBJ18A","D_SMB",110.000000,-97.000000,0.000000,top
"D4","SMBJ15A","D_SMB",118.000000,-97.000000,0.000000,top
"D5","SMBJ15A","D_SMB",126.000000,-97.000000,0.000000,top
"D6","RGB 150141M173100","LED_RGB_Wuerth-PLCC4_3.2x2.8mm_150141M173100",118.000000,-80.000000,0.000000,top
"J1","PANEL CABLE","Solder6",101.500000,-161.500000,0.000000,top
"J2","PROGRAM 3.3V LOGIC","Solder6",102.000000,-80.000000,0.000000,top
"J3","PN5321 MINI V2 HARNESS","Solder7",133.000000,-131.000000,-90.000000,top
"J4","TAMPER CASE LOOP","Solder2",110.000000,-101.000000,0.000000,top
"J5","DEMO RELAY LOGIC","Solder3",122.000000,-101.000000,0.000000,top
"JP1","RESET short","Solder2",128.000000,-80.000000,0.000000,top
"JP2","BOOT short","Solder2",132.000000,-80.000000,0.000000,top
"JP3","LF reset short","Solder2",128.000000,-78.000000,0.000000,top
"JP4","TERM CLOSE AT END","Solder2",131.000000,-162.000000,0.000000,top
"U1","TSR 1-2433","Converter_DCDC_TRACO_TSR-1_THT",106.000000,-155.500000,0.000000,top
"U2","TSR 1-2450","Converter_DCDC_TRACO_TSR-1_THT",123.000000,-155.500000,0.000000,top
"U3","ESP32-WROOM-32E-N4","ESP32-WROOM-32E",118.000000,-63.000000,0.000000,top
"U4","ID-12LA-HE","ID12LA_HE",118.000000,-116.000000,0.000000,top
